790;original;;modules;org.geotools.modules;модули GeoTools;;
790;openai;;;;Библиотека Java 'org.geotools.modules' является частью инструментария географической информационной системы Geotools (ГИС).Geotools-это библиотека Java с открытым исходным кодом, которая предоставляет инструменты для работы с геопространственными данными, такими как манипулирование, анализ и отображение географических данных.Библиотека «org.geotools.modules» содержит различные модули или плагины, которые расширяют основную функциональность геотул.Эти модули добавляют дополнительные функции и возможности для инструментария, позволяя разработчикам работать с более широким спектром форматов геопространственных данных и выполнять конкретные операции.Некоторые из модулей, включенных в библиотеку org.geotools.modules ': 1. Модули данных: эти модули обеспечивают поддержку для различных хранилищ данных, таких как базы данных, форматы файлов (например, Shapefile, Geojson) и веб -сервисы (например,, Услуга веб -функций).2. Модули геопроцессы: эти модули включают алгоритмы и инструменты для выполнения геопространственного анализа, таких как буферизация, пересечение, операции наложения и многое другое.3. Модули стиля: эти модули обеспечивают поддержку стиля и символизируют геопространственные данные, что позволяет разработчикам определять, как данные следует отображать на картах.4. Модули покрытия: эти модули предлагают поддержку для работы с непрерывными данными, такими как спутниковые изображения и цифровые модели возвышения (DEM).5. Сетевые модули: эти модули предоставляют функциональность для решения проблем сетевых оснований, таких как поиск маршрутов и анализ сети.6. Модули метаданных: эти модули включают обработку метаданных, связанных с геопространственными наборами данных, такими как извлечение информации о пространственной степени, системе координат и других атрибутах.В целом, библиотека «org.geotools.modules» добавляет широкий спектр функциональности к геотулам, позволяя разработчикам создавать мощные и богатые функциями приложения ГИС в Java.;The java library 'org.geotools.modules' is a part of the Geotools Geographic Information System (GIS) toolkit. Geotools is an open-source Java library that provides tools for working with geospatial data, such as manipulating, analyzing, and rendering geographic data.  The 'org.geotools.modules' library contains various modules or plugins that extend the core functionality of Geotools. These modules add additional features and capabilities to the toolkit, allowing developers to work with a wider range of geospatial data formats and perform specific operations.  Some of the modules included in the 'org.geotools.modules' library are:  1. DataStore Modules: These modules provide support for different data stores, such as databases, file formats (e.g., Shapefile, GeoJSON), and web services (e.g., Web Feature Service).  2. GeoProcessing Modules: These modules include algorithms and tools for performing geospatial analysis, such as buffering, intersection, overlay operations, and more.  3. Styling Modules: These modules provide support for styling and symbolizing geospatial data, allowing developers to define how the data should be rendered on maps.  4. Coverage Modules: These modules offer support for working with gridded, continuous data, such as satellite imagery and digital elevation models (DEM).  5. Network Modules: These modules provide functionality for solving network-based problems, such as route finding and network analysis.  6. Metadata Modules: These modules involve handling metadata associated with geospatial datasets, such as extracting information about spatial extent, coordinate system, and other attributes.  Overall, the 'org.geotools.modules' library adds a wide range of functionality to Geotools, enabling developers to build powerful and feature-rich GIS applications in Java.;Describe the java library 'org.geotools.modules', specify what it contains
790;jarcasting;1;org.netbeans.api:org-netbeans-modules-nbjunit;org.netbeans.api.org-netbeans-modules-nbjunit.RELEASE140;Apache Netbeans - это интегрированная среда разработки, платформа для инструментов и структура приложений.;Apache NetBeans is an integrated development environment, tooling platform, and application framework.;https://jarcasting.com/artifacts/org.netbeans.api/org-netbeans-modules-nbjunit/
790;jarcasting;2;DAISY Pipeline 2 :: Modules Build Helper;org.daisy.pipeline.build.modules-build-helper.2.7.0;Ресурсы для модулей Pipeline 2 Build System.;Resources for the Pipeline 2 modules build system.;https://jarcasting.com/artifacts/org.daisy.pipeline.build/modules-build-helper/
790;jarcasting;3;org.netbeans.modules:org-netbeans-insane;org.netbeans.modules.org-netbeans-insane.RELEASE140;Apache Netbeans - это интегрированная среда разработки, платформа для инструментов и структура приложений.;Apache NetBeans is an integrated development environment, tooling platform, and application framework.;https://jarcasting.com/artifacts/org.netbeans.modules/org-netbeans-insane/
790;jarcasting;4;smartics-jboss-modules-maven-plugin;de.smartics.maven.plugin.smartics-jboss-modules-maven-plugin.2.1.5;Генерирует архив модулей на основе информации в POM, который будет скопирован в установку JBoss 7.;Generates an archive of modules based on information in a POM to be copied to an JBoss 7 installation.;https://jarcasting.com/artifacts/de.smartics.maven.plugin/smartics-jboss-modules-maven-plugin/
790;jarcasting;5;org.netbeans.modules:org-netbeans-lib-profiler;org.netbeans.modules.org-netbeans-lib-profiler.RELEASE140;Apache Netbeans - это интегрированная среда разработки, платформа для инструментов и структура приложений.;Apache NetBeans is an integrated development environment, tooling platform, and application framework.;https://jarcasting.com/artifacts/org.netbeans.modules/org-netbeans-lib-profiler/
790;jarcasting;6;org.metawidget.modules:metawidget-core;org.metawidget.modules.metawidget-core.4.2;Metawidget - это умный виджет пользовательского интерфейса, который заполняет себя, статически или во время выполнения, с компонентами пользовательского интерфейса, чтобы соответствовать свойствам ваших объектов домена.;Metawidget is a smart User Interface widget that populates itself, either statically or at runtime, with UI components to match the properties of your domain objects.;https://jarcasting.com/artifacts/org.metawidget.modules/metawidget-core/
790;jarcasting;7;inject-modules;com.twitter.inject-modules_2.11.21.2.0;;;https://jarcasting.com/artifacts/com.twitter/inject-modules_2.11/
790;jarcasting;8;org.daisy.pipeline.modules:tts-mocks;org.daisy.pipeline.modules.tts-mocks.1.0.0;Модули Daisy Pipeline 2 предоставляют сценарии для автоматической обработки различных цифровых форматов эффективно и экономически.Он намерен облегчить производство и обслуживание доступного контента для людей с нарушениями печати.;The DAISY Pipeline 2 modules provide scripts for automated processing of various digital formats efficiently and economically. It intends to facilitate the production and maintenance of accessible content for people with print disabilities.;https://jarcasting.com/artifacts/org.daisy.pipeline.modules/tts-mocks/
790;jarcasting;9;scala-xml;org.scala-lang.modules.scala-xml_2.11.1.3.0;;;https://jarcasting.com/artifacts/org.scala-lang.modules/scala-xml_2.11/
790;jarcasting;10;Apache DeltaSpike Test-Control-Module Impl;org.apache.deltaspike.modules.deltaspike-test-control-module-impl.1.9.6;Apache Deltaspike Parent для контейнерных проектов;Apache DeltaSpike Parent for container projects;https://jarcasting.com/artifacts/org.apache.deltaspike.modules/deltaspike-test-control-module-impl/
790;jarcasting;11;Apache DeltaSpike Test-Control-Module API;org.apache.deltaspike.modules.deltaspike-test-control-module-api.1.9.6;Apache Deltaspike Parent для контейнерных проектов;Apache DeltaSpike Parent for container projects;https://jarcasting.com/artifacts/org.apache.deltaspike.modules/deltaspike-test-control-module-api/
790;jarcasting;12;HTTP client framework for Groovy;org.codehaus.groovy.modules.http-builder.http-builder.0.7.1;API API клиента в стиле Builder, включая аутентификацию и расширяющуюся обработку общих типов контента, таких как JSON и XML.Он построен на вершине HTTPClient Apache.;A builder-style HTTP client API, including authentication, and extensible handling of common content-types such as JSON and XML. It is built on top of Apache's HttpClient.;https://jarcasting.com/artifacts/org.codehaus.groovy.modules.http-builder/http-builder/
790;mavenjar;13;JWebMP Modules;com.jwebmp.plugins.jwebmp-plugins-modules.1.2.0.3-jre17-rc1;Root maven group для плагинов для Jwebmp;The root maven group for plugins for JWebMP;https://mavenjar.com/artifact/com.jwebmp.plugins/jwebmp-plugins-modules
790;mavenjar;14;JWebMP Core Modules;com.jwebmp.core.jwebmp-core-modules.1.2.0.3-jre17-rc1;Корневая папка для библиотек модулей JWebMP;The root folder for JWebMP modules libraries;https://mavenjar.com/artifact/com.jwebmp.core/jwebmp-core-modules
790;sonatype;15;A collection of ROME modules;rome.modules;Коллекция модулей Рима;A collection of ROME modules;https://ossindex.sonatype.org/component/pkg:maven/rome/modules
790;sonatype;16;Malle modules;net.emphased.malle.modules;Модули Малле;Malle modules;https://ossindex.sonatype.org/component/pkg:maven/net.emphased.malle/modules
790;sonatype;17;;io.markdom.modules;;;https://ossindex.sonatype.org/component/pkg:maven/io.markdom/modules
790;sonatype;18;;info.kuechler.bmf.modules;;;https://ossindex.sonatype.org/component/pkg:maven/info.kuechler.bmf/modules
790;sonatype;19;;it.tidalwave.thesefoolishthings.modules;;;https://ossindex.sonatype.org/component/pkg:maven/it.tidalwave.thesefoolishthings/modules
790;sonatype;20;;org.ow2.jonas.cxf.transport.reliablejms.modules;;;https://ossindex.sonatype.org/component/pkg:maven/org.ow2.jonas.cxf.transport.reliablejms/modules
790;sonatype;21;;org.ow2.jonas.cxf.transport.reliablejms.modules-api;;;https://ossindex.sonatype.org/component/pkg:maven/org.ow2.jonas.cxf.transport.reliablejms/modules-api
790;sonatype;22;;io.rest-assured.modules;;;https://ossindex.sonatype.org/component/pkg:maven/io.rest-assured/modules
790;sonatype;23;;org.ow2.jonas.jonas-itests-applications-jaxb2.modules-api;;;https://ossindex.sonatype.org/component/pkg:maven/org.ow2.jonas.jonas-itests-applications-jaxb2/modules-api
790;sonatype;24;;org.ow2.jonas.jonas-itests-applications-jaxb2.modules-webapp;;;https://ossindex.sonatype.org/component/pkg:maven/org.ow2.jonas.jonas-itests-applications-jaxb2/modules-webapp
790;sonatype;25;Modules of Example Project;org.ow2.easybeans.examples.maven.ear.modules;Модули примера проекта;Modules of Example Project;https://ossindex.sonatype.org/component/pkg:maven/org.ow2.easybeans.examples.maven.ear/modules
790;sonatype;26;;org.wso2.appserver.modules;;;https://ossindex.sonatype.org/component/pkg:maven/org.wso2.appserver/modules
790;sonatype;27;Client of Example Project;org.ow2.easybeans.examples.maven.ear.modules-client;Клиент примера проекта;Client of Example Project;https://ossindex.sonatype.org/component/pkg:maven/org.ow2.easybeans.examples.maven.ear/modules-client
790;sonatype;28;Webapp of Example Project;org.ow2.easybeans.examples.maven.ear.modules-webapp;WebApp of Example Project;Webapp of Example Project;https://ossindex.sonatype.org/component/pkg:maven/org.ow2.easybeans.examples.maven.ear/modules-webapp
790;sonatype;29;Library of Webapp of Example Project;org.ow2.easybeans.examples.maven.ear.modules-webapplib;Библиотека веб -приложения из примера проекта;Library of Webapp of Example Project;https://ossindex.sonatype.org/component/pkg:maven/org.ow2.easybeans.examples.maven.ear/modules-webapplib
790;sonatype;30;;io.aubay.fase.modules-chrome;;;https://ossindex.sonatype.org/component/pkg:maven/io.aubay.fase/modules-chrome
;;;;;;;
791;original;;ogc;org.geotools.ogc;реализация стандартов OGC в GeoTools;;
791;openai;;;;Библиотека Java 'org.geotools.ogc' является частью библиотеки Java с открытым исходным кодом Geotools для обработки геопространственных данных.Он содержит классы и коммунальные услуги, связанные со стандартами открытого геопространственного консорциума (OGC).Библиотека 'org.geotools.ogc' обеспечивает поддержку для работы с веб -службами OGC и геопространственными стандартами.Он включает в себя классы для анализа и генерации выражений фильтра OGC, которые используются для запроса наборов данных геопространства.Эти фильтры могут использоваться для выполнения пространственных и атрибутов на основе фильтров на данных.Библиотека также содержит классы для работы со стандартами OGC, такими как служба веб -функций (WFS), служба веб -охвата (WCS) и служба веб -карты (WMS).Эти классы предоставляют функциональные возможности для взаимодействия с этими веб -службами, получения данных и выполнения таких операций, как получение данных функций или охвата, запросы метаданных и создание изображений карт.Кроме того, библиотека 'org.geotools.ogc' включает в себя поддержку работы с простыми стандартами доступа к OGC, которые обеспечивают общую основу для представления геопространственных функций.Он включает в себя классы для создания и манипулирования простыми функциями, а также внедрение различных геометрических операций, таких как пересечение, объединение, буферизация и т. Д. В итоге библиотека org.geotools.ogc содержит классы и утилиты для работы со стандартами OGC, включая анализи генерирование выражений фильтра, взаимодействие с веб -службами, такими как WFS, WCS и WMS, и реализация операций на геопространственных функциях на основе стандартов OGC.;The Java library 'org.geotools.ogc' is a part of the Geotools open-source Java library for geospatial data processing. It contains classes and utilities related to the Open Geospatial Consortium (OGC) standards.  The 'org.geotools.ogc' library provides support for working with OGC web services and geospatial standards. It includes classes for parsing and generating OGC filter expressions, which are used for querying geospatial datasets. These filters can be used to perform spatial and attribute-based filters on the data.  The library also contains classes for working with OGC standards like Web Feature Service (WFS), Web Coverage Service (WCS), and Web Map Service (WMS). These classes provide functionalities to interact with these web services, retrieve data, and perform operations like getting feature or coverage data, querying metadata, and creating map images.  Additionally, the 'org.geotools.ogc' library includes support for working with OGC Simple Feature access standards, which provide a common framework for representing geospatial features. It includes classes for creating and manipulating simple features, as well as implementing various geometry operations like intersection, union, buffering, etc.  In summary, the 'org.geotools.ogc' library contains classes and utilities to work with OGC standards, including parsing and generating filter expressions, interacting with web services like WFS, WCS, and WMS, and implementing operations on geospatial features based on OGC standards.;Describe the java library 'org.geotools.ogc', specify what it contains
791;jarcasting;1;OGC GML 3.2;org.ogc-schemas.gml-v_3_2.3.0.0;Проект схемы OGC обеспечивает привязки JAXB 2.x для схем XML, определяемых открытым геопространственным консорциумом (OGC).;OGC Schemas project provides JAXB 2.x bindings for XML Schemas defined by the Open Geospatial Consortium (OGC).;https://jarcasting.com/artifacts/org.ogc-schemas/gml-v_3_2/
791;jarcasting;2;grumpy-ogc;com.github.davidmoten.grumpy-ogc.0.4.5;Инструменты OGC, включая WMS Server;OGC tools including WMS server;https://jarcasting.com/artifacts/com.github.davidmoten/grumpy-ogc/
791;jarcasting;3;ogc;com.azavea.geotrellis.geotrellis-server-ogc_2.11.4.2.0;Geotrellis Server - это набор компонентов, предназначенных для упрощения просмотра, обработки и обслуживания растровых данных из произвольных источников с акцентом на это в функциональном стиле.;GeoTrellis Server is a set of components designed to simplify viewing, processing, and serving raster data from arbitrary sources with an emphasis on doing so in a functional style.;https://jarcasting.com/artifacts/com.azavea.geotrellis/geotrellis-server-ogc_2.11/
791;jarcasting;4;OGC API - Environmental Data Retrieval 1.0 Conformance Test Suite;org.opengis.cite.ets-ogcapi-edr10.0.3;Опишите цель тестового набора.;Describe purpose of test suite.;https://jarcasting.com/artifacts/org.opengis.cite/ets-ogcapi-edr10/
791;jarcasting;5;OGC API-Processes 1.0 Conformance Test Suite;org.opengis.cite.ets-ogcapi-processes10.0.2;Опишите цель тестового набора.;Describe purpose of test suite.;https://jarcasting.com/artifacts/org.opengis.cite/ets-ogcapi-processes10/
791;jarcasting;6;OGC XML Best Practise schemas;org.n52.sensorweb.52n-ogc-bp-schema.2.7.0;Привязки 52N XML составляют модели схемы OGC и все модели 52N схемы, необходимые в рамках 52N SWE.;The 52n XML Bindings comprise the OGC schema models and all 52n schema models needed across the 52n SWE framework.;https://jarcasting.com/artifacts/org.n52.sensorweb/52n-ogc-bp-schema/
791;mavenjar;7;OGC OWS 1.1.0;org.jvnet.ogc.ows-v_1_1_0.2.6.1;Проект схемы OGC обеспечивает привязки JAXB 2.x для схем XML, определяемых открытым геопространственным консорциумом (OGC).;OGC Schemas project provides JAXB 2.x bindings for XML Schemas defined by the Open Geospatial Consortium (OGC).;https://mavenjar.com/artifact/org.jvnet.ogc/ows-v_1_1_0
791;mavenjar;8;OGC WMS 1.0.0;org.jvnet.ogc.wms-v_1_0_0.2.6.1;Проект схемы OGC обеспечивает привязки JAXB 2.x для схем XML, определяемых открытым геопространственным консорциумом (OGC).;OGC Schemas project provides JAXB 2.x bindings for XML Schemas defined by the Open Geospatial Consortium (OGC).;https://mavenjar.com/artifact/org.jvnet.ogc/wms-v_1_0_0
791;mavenjar;9;OGC WFS 1.0.0;org.jvnet.ogc.wfs-v_1_0_0.2.6.1;Проект схемы OGC обеспечивает привязки JAXB 2.x для схем XML, определяемых открытым геопространственным консорциумом (OGC).;OGC Schemas project provides JAXB 2.x bindings for XML Schemas defined by the Open Geospatial Consortium (OGC).;https://mavenjar.com/artifact/org.jvnet.ogc/wfs-v_1_0_0
791;mavenjar;10;OGC OWS;org.jvnet.ogc.ows.2.6.1;Проект схемы OGC обеспечивает привязки JAXB 2.x для схем XML, определяемых открытым геопространственным консорциумом (OGC).;OGC Schemas project provides JAXB 2.x bindings for XML Schemas defined by the Open Geospatial Consortium (OGC).;https://mavenjar.com/artifact/org.jvnet.ogc/ows
791;mavenjar;11;OGC GML;org.jvnet.ogc.gml.2.6.1;Проект схемы OGC обеспечивает привязки JAXB 2.x для схем XML, определяемых открытым геопространственным консорциумом (OGC).;OGC Schemas project provides JAXB 2.x bindings for XML Schemas defined by the Open Geospatial Consortium (OGC).;https://mavenjar.com/artifact/org.jvnet.ogc/gml
791;sonatype;12;;org.jvnet.ogc.ogc-tools-gml-jts;;;https://ossindex.sonatype.org/component/pkg:maven/org.jvnet.ogc/ogc-tools-gml-jts
791;sonatype;13;;org.jvnet.ogc.ogc-schema-parent;;;https://ossindex.sonatype.org/component/pkg:maven/org.jvnet.ogc/ogc-schema-parent
791;sonatype;14;OGC Schemas project provides JAXB 2.x bindings for XML Schemas defined by the Open Geospatial Consortium (OGC).;org.jvnet.ogc.ogc-schemas-project;Проект схемы OGC обеспечивает привязки JAXB 2.x для схем XML, определяемых открытым геопространственным консорциумом (OGC).;OGC Schemas project provides JAXB 2.x bindings for XML Schemas defined by the Open Geospatial Consortium (OGC).;https://ossindex.sonatype.org/component/pkg:maven/org.jvnet.ogc/ogc-schemas-project
791;sonatype;15;OGC Tools project provides tools for XML Schemas defined by the Open Geospatial Consortium (OGC).;org.jvnet.ogc.ogc-tools;Проект OGC Tools Project предоставляет инструменты для схем XML, определяемых открытым геопространственным консорциумом (OGC).;OGC Tools project provides tools for XML Schemas defined by the Open Geospatial Consortium (OGC).;https://ossindex.sonatype.org/component/pkg:maven/org.jvnet.ogc/ogc-tools
791;sonatype;16;;io.oss84.geotools.ogc;;;https://ossindex.sonatype.org/component/pkg:maven/io.oss84.geotools/ogc
791;sonatype;17;;org.ogc-schemas.ogc-schema-parent;;;https://ossindex.sonatype.org/component/pkg:maven/org.ogc-schemas/ogc-schema-parent
791;sonatype;18;;org.ogc-schemas.ogc-schemas-dist;;;https://ossindex.sonatype.org/component/pkg:maven/org.ogc-schemas/ogc-schemas-dist
791;sonatype;19;;org.ogc-schemas.ogc-schemas-scripts;;;https://ossindex.sonatype.org/component/pkg:maven/org.ogc-schemas/ogc-schemas-scripts
;;;;;;;
792;original;;net.opengis.fes;org.geotools.ogc.net.opengis.fes;реализация стандарта Filter Encoding в GeoTools;;
792;openai;;;;Библиотека Java 'org.geotools.ogc.net.opengis.fes' является частью библиотеки Geotools, которая является инструментарием с открытым исходным кодом Java для обработки геопространственных данных.Эта конкретная библиотека содержит классы, которые обрабатывают кодирование, декодирование и представление стандарта спецификации кодирования фильтра (FES), определяемого открытым геопространственным консорциумом (OGC).Стандарт FES предоставляет набор правил и структур для выражения пространственных и не пространственных запросов против запасов геопространственных данных.Он определяет общий язык для выражений фильтра, позволяя пользователям указать критерии для извлечения конкретных подмножеств данных на основе пространственных, временных и атрибутов.Библиотека «org.geotools.ogc.net.opengis.fes» включает в себя классы для представления различных элементов, определенных в стандарте FES, включая фильтры, выражения, литералы, пространственные операторы, временные операторы и операторы сравнения.Эти классы позволяют разработчикам анализировать, генерировать и манипулировать выражениями FES -фильтра.В целом, эта библиотека предоставляет важные инструменты для работы с выражениями фильтра FES в приложениях Java, что позволяет пользователям эффективно запросить и анализировать геопространственные данные с использованием стандартизированных критериев фильтрации.;The Java library 'org.geotools.ogc.net.opengis.fes' is a part of the GeoTools library, which is an open-source Java toolkit for geospatial data processing. This specific library contains classes that handle the encoding, decoding, and representation of the Filter Encoding Specification (FES) standard defined by the Open Geospatial Consortium (OGC).  The FES standard provides a set of rules and structures for expressing spatial and non-spatial queries against geospatial data stores. It defines a common language for filter expressions, allowing users to specify criteria to retrieve specific data subsets based on spatial, temporal, and attribute conditions.  The 'org.geotools.ogc.net.opengis.fes' library includes classes for representing various elements defined in the FES standard, including filters, expressions, literals, spatial operators, temporal operators, and comparison operators. These classes enable developers to parse, generate, and manipulate FES filter expressions programmatically.  Overall, this library provides essential tools for working with FES filter expressions in Java applications, allowing users to efficiently query and analyze geospatial data using standardized filtering criteria.;Describe the java library 'org.geotools.ogc.net.opengis.fes', specify what it contains
792;jarcasting;1;Filter Encoding Specification Model;io.oss84.geotools.ogc.net.opengis.fes.24.2-oss84-1;Модель ЭМФ -схемы кодирования фильтра;Filter Encoding Specification Schema EMF Model;https://jarcasting.com/artifacts/io.oss84.geotools.ogc/net.opengis.fes/
;;;;;;;
793;original;;net.opengis.ows;org.geotools.ogc.net.opengis.ows;реализация стандарта OWS в GeoTools;;
793;openai;;;;Библиотека Java 'org.geotools.ogc.net.opengis.ows' является частью библиотеки Geotools, которая является инструментарием с открытым исходным кодом Java GIS.Пакет «org.geotools.ogc.net.opengis.ows» в Geotools предоставляет классы и интерфейсы, связанные со стандартами веб -сервисов Open GeoStial Consortium (OGC).Стандарты OWS определяют набор спецификаций для обслуживания и доступа к геопространственным данным по Интернету.Библиотека содержит классы и интерфейсы, которые позволяют разработчикам работать со стандартами OWS, такими как анализ и генерирование запросов и ответов OWS, обработка различных операций OWS, таких как GetCapabilities, DescepeatureType, GetFeature и т. Д..geotools.ogc.net.opengis.ows 'Пакет включает в себя: - `owsexception`: представляет исключение, которое может произойти во время операций OWS и предоставляет информацию об ошибке.- «Возможности»: представляет возможности услуги OWS и предоставляет методы для доступа и запроса доступных операций, форматов и поддерживаемых версий.- «Операция»: представляет собой операцию, поддерживаемую службой OWS, такую как GetCapabilities, DescriectureType и т. Д. - `OperationRequest`: представляет запрос на операцию OWS с параметрами и значениями.- `OperationResponse`: представляет ответ, полученный от операции OWS, содержащий возвращаемые данные или информацию.В целом, библиотека «org.geotools.ogc.net.opengis.ows» предоставляет основу для работы со стандартами OWS в Java и позволяет разработчикам создавать приложения, которые потребляют и взаимодействуют со службами OWS.;The Java library 'org.geotools.ogc.net.opengis.ows' is a part of the GeoTools library, which is an open-source Java GIS toolkit.   The 'org.geotools.ogc.net.opengis.ows' package within GeoTools provides classes and interfaces related to the Open Geospatial Consortium (OGC) Web Services (OWS) standards. OWS standards define a set of specifications for serving and accessing geospatial data over the web.  The library contains classes and interfaces that allow developers to work with OWS standards, such as parsing and generating OWS requests and responses, handling various OWS operations like GetCapabilities, DescribeFeatureType, GetFeature, etc.  Some of the main classes and interfaces found in the 'org.geotools.ogc.net.opengis.ows' package include:  - `OWSException`: Represents an exception that can occur during OWS operations and provides information about the error. - `Capabilities`: Represents the capabilities of an OWS service and provides methods to access and query the available operations, formats, and supported versions. - `Operation`: Represents an operation supported by an OWS service, such as GetCapabilities, DescribeFeatureType, etc. - `OperationRequest`: Represents a request for an OWS operation, with parameters and values. - `OperationResponse`: Represents the response received from an OWS operation, containing the returned data or information.  Overall, the 'org.geotools.ogc.net.opengis.ows' library provides the foundation for working with OWS standards in Java and enables developers to build applications that consume and interact with OWS services.;Describe the java library 'org.geotools.ogc.net.opengis.ows', specify what it contains
793;jarcasting;1;Open Web Service Model;org.geoserver.net.opengis.ows.1.6.2;;;https://jarcasting.com/artifacts/org.geoserver/net.opengis.ows/
;;;;;;;
794;original;;net.opengis.wcs;org.geotools.ogc.net.opengis.wcs;реализация стандарта WCS в GeoTools;;
794;openai;;;;«Org.geotools.ogc.net.opengis.wcs 'библиотека Java» является частью библиотеки Geotools, которая является библиотекой Java с открытым исходным кодом для обработки геопространственных данных.Пакет 'org.geotools.ogc.net.opengis.wcs содержит классы и интерфейсы, которые обеспечивают поддержку для взаимодействия со спецификацией службы веб -покрытия (WCS), определенной открытым геопространственным консорциумом (OGC).Эта библиотека позволяет пользователям работать с различными элементами, указанными в стандарте WCS, таких как покрытия, описания покрытий и метаданные услуги.Он предоставляет Java -представления этих элементов, что позволяет разработчикам создавать, манипулировать и программно получить доступ к ресурсам WCS.Библиотека включает в себя такие классы, как «CompreadeScription», который представляет описание ресурса покрытия, «домен», который определяет пространственную и временную область покрытия и «сетка», которая представляет непрерывную функцию над пространственным и временным доменомПолемКроме того, библиотека обеспечивает поддержку для выполнения операций, указанных WCS, такими как GetCapabilities, DescriptionEcoverage и GetCoverage.Это позволяет пользователям строить запросы, отправлять их на сервер WCS и получать результаты.В целом, библиотека «org.geotools.ogc.net.opengis.wcs» является ценным инструментом для разработчиков Java, работающих с геопространственными данными и необходимыми для взаимодействия с службами WCS.;The 'org.geotools.ogc.net.opengis.wcs' Java library is a part of the GeoTools library, which is an open-source Java library for geospatial data processing.   The 'org.geotools.ogc.net.opengis.wcs' package contains classes and interfaces that provide support for interacting with the Web Coverage Service (WCS) specification defined by the Open Geospatial Consortium (OGC).   This library allows users to work with the various elements specified in the WCS standard, such as coverages, coverages descriptions, and service metadata. It provides Java representations of these elements, enabling developers to create, manipulate, and access WCS resources programmatically.  The library includes classes such as 'CoverageDescription', which represents the description of a coverage resource, 'DomainSet', which defines the spatial and temporal domain of a coverage, and 'GridCoverage', which represents a continuous function over a spatial and temporal domain.  Additionally, the library provides support for performing operations specified by WCS, such as GetCapabilities, DescribeCoverage, and GetCoverage. It enables users to construct requests, send them to a WCS server, and retrieve the results.  Overall, the 'org.geotools.ogc.net.opengis.wcs' library is a valuable tool for Java developers working with geospatial data and needing to interact with WCS services.;Describe the java library 'org.geotools.ogc.net.opengis.wcs', specify what it contains
794;jarcasting;1;Web Coverage Service Model;io.oss84.geotools.ogc.net.opengis.wcs.24.2-oss84-1;Схема службы веб -покрытия EMF Modell;Web Coverage Service Schema EMF ModelL;https://jarcasting.com/artifacts/io.oss84.geotools.ogc/net.opengis.wcs/
;;;;;;;
795;original;;net.opengis.wfs;org.geotools.ogc.net.opengis.wfs;реализация стандарта WFS в GeoTools;;
795;openai;;;;Библиотека Java `org.geotools.ogc.net.opengis.wfs` является частью Geotools, которая является библиотекой Java с открытым исходным кодом для обработки геопространственных данных.Geotools предоставляет различные модули для работы с различными геопространственными форматами и стандартами.Библиотека `org.geotools.ogc.net.opengis.wfs` содержит классы, связанные со стандартами службы веб -функций (WFS), определяемых открытым геопространственным консорциумом (OGC).WFS является стандартным протоколом для обслуживания геопространственных данных по Интернету, позволяя клиентам получать, вставлять, обновлять и удалять географические функции.В библиотеке `org.geotools.ogc.net.opengis.wfs` вы можете найти классы, которые представляют различные элементы спецификации WFS, такие как: 1.` <WFS: Возможности> `: Содержит информацию о возможностях.Сервер WFS, включая поддерживаемые операции, возможности запросов и доступные типы функций.2. `<WFS: featureType>`: представляет тип функции, поддерживаемый сервером WFS, определяя его имя, абстрактное и другие метаданные.3. `<WFS: Property>`: представляет свойство функции, указав ее имя, тип данных и другие характеристики.4. `<WFS: Filter>`: представляет выражение фильтра, используемое для запроса или получения конкретных функций на основе определенных критериев.5. `<WFS: Transaction>`: Определяет операцию транзакции, позволяя клиентам вставлять, обновлять или удалять функции на сервере WFS.Это всего лишь несколько примеров классов, которые могут присутствовать в библиотеке `org.geotools.ogc.net.opengis.wfs '.Библиотека предоставляет API для работы с службами WFS, позволяя разработчикам взаимодействовать с серверами WFS, функциями запроса и выполнять транзакции данных.;The java library `org.geotools.ogc.net.opengis.wfs` is part of Geotools, which is an open-source Java library for geospatial data processing. Geotools provides various modules to work with different geospatial formats and standards.  The `org.geotools.ogc.net.opengis.wfs` library contains classes related to the Web Feature Service (WFS) standards defined by the Open Geospatial Consortium (OGC). WFS is a standard protocol for serving geospatial data over the web, allowing clients to retrieve, insert, update, and delete geographic features.  Within the `org.geotools.ogc.net.opengis.wfs` library, you may find classes that represent different elements of the WFS specification, such as:  1. `<wfs:Capabilities>`: Contains information about the capabilities of a WFS server, including supported operations, query capabilities, and available feature types.  2. `<wfs:FeatureType>`: Represents a feature type supported by the WFS server, defining its name, abstract, and other metadata.  3. `<wfs:Property>`: Represents a property of a feature, specifying its name, data type, and other characteristics.  4. `<wfs:Filter>`: Represents a filter expression used to query or retrieve specific features based on certain criteria.  5. `<wfs:Transaction>`: Defines a transaction operation, allowing clients to insert, update, or delete features on the WFS server.  These are just a few examples of classes that may be present in the `org.geotools.ogc.net.opengis.wfs` library. The library provides an API to work with WFS services, allowing developers to interact with WFS servers, query features, and perform data transactions.;Describe the java library 'org.geotools.ogc.net.opengis.wfs', specify what it contains
795;jarcasting;1;Web Feature Service Model;org.geoserver.net.opengis.wfs.1.6.2;;;https://jarcasting.com/artifacts/org.geoserver/net.opengis.wfs/
;;;;;;;
796;original;;org.w3.xlink;org.geotools.ogc.org.w3.xlink;реализация стандарта XLink (OGC/XML) в GeoTools;;
796;openai;;;;Error 2;Error 2;Describe the java library 'org.geotools.ogc.org.w3.xlink', specify what it contains
796;jarcasting;1;Xlink Model;io.oss84.geotools.ogc.org.w3.xlink.24.2-oss84-1;Xlink схема ЭМФ модель;Xlink Schema EMF Model;https://jarcasting.com/artifacts/io.oss84.geotools.ogc/org.w3.xlink/
;;;;;;;
797;original;;plugin;org.geotools.plugin;модуль поддержки плагинов в GeoTools;;
797;openai;;;;Error 2;Error 2;Describe the java library 'org.geotools.plugin', specify what it contains
797;jarcasting;1;Maven Release Plugin;org.apache.maven.plugins.maven-release-plugin.3.0.0-M6;Этот плагин используется для выпуска проекта с Maven, сэкономив много повторяющейся, ручной работы.;This plugin is used to release a project with Maven, saving a lot of repetitive, manual work.;https://jarcasting.com/artifacts/org.apache.maven.plugins/maven-release-plugin/
797;jarcasting;2;Apache Maven Dependency Plugin;org.apache.maven.plugins.maven-dependency-plugin.3.3.0;Обеспечивает коммунальные цели для работы с такими зависимостями, как копирование, распаковка, анализ, разрешение и многое другое.;Provides utility goals to work with dependencies like copying, unpacking, analyzing, resolving and many more.;https://jarcasting.com/artifacts/org.apache.maven.plugins/maven-dependency-plugin/
797;jarcasting;3;Apache Maven Compiler Plugin;org.apache.maven.plugins.maven-compiler-plugin.3.10.1;Плагин компилятора используется для составления источников вашего проекта.;The Compiler Plugin is used to compile the sources of your project.;https://jarcasting.com/artifacts/org.apache.maven.plugins/maven-compiler-plugin/
797;jarcasting;4;Apache Maven Javadoc Plugin;org.apache.maven.plugins.maven-javadoc-plugin.3.4.0;Плагин Apache Maven Javadoc - это плагин, который использует инструмент Javadoc для генерации Javadocs для указанного проекта.;The Apache Maven Javadoc Plugin is a plugin that uses the javadoc tool for generating javadocs for the specified project.;https://jarcasting.com/artifacts/org.apache.maven.plugins/maven-javadoc-plugin/
797;jarcasting;5;Apache Maven Enforcer Plugin;org.apache.maven.plugins.maven-enforcer-plugin.3.1.0;Любящий железный кулак Maven;The Loving Iron Fist of Maven;https://jarcasting.com/artifacts/org.apache.maven.plugins/maven-enforcer-plugin/
797;jarcasting;6;Apache Maven Resources Plugin;org.apache.maven.plugins.maven-resources-plugin.3.2.0;Плагин ресурсов обрабатывает копирование ресурсов проекта в каталог выходных данных.Есть два разных вида ресурсов: основные ресурсы и ресурсы тестирования.Разница заключается в том, что основными ресурсами являются ресурсы, связанные с основным исходным кодом, в то время как тестовые ресурсы связаны с исходным кодом тестирования.Таким образом, это позволяет разделить ресурсы для основного исходного кода и его модульные тесты.;The Resources Plugin handles the copying of project resources to the output directory. There are two different kinds of resources: main resources and test resources. The difference is that the main resources are the resources associated with the main source code while the test resources are associated with the test source code. Thus, this allows the separation of resources for the main source code and its unit tests.;https://jarcasting.com/artifacts/org.apache.maven.plugins/maven-resources-plugin/
797;jarcasting;7;Apache Maven Deploy Plugin;org.apache.maven.plugins.maven-deploy-plugin.3.0.0-M2;Загружает артефакты проекта во внутренний удаленный репозиторий.;Uploads the project artifacts to the internal remote repository.;https://jarcasting.com/artifacts/org.apache.maven.plugins/maven-deploy-plugin/
797;jarcasting;8;Apache Maven GPG Plugin;org.apache.maven.plugins.maven-gpg-plugin.3.0.1;Подписывает артефакты проекта с GNUPG.;Signs the project artifacts with GnuPG.;https://jarcasting.com/artifacts/org.apache.maven.plugins/maven-gpg-plugin/
797;jarcasting;9;Build Helper Maven Plugin;org.codehaus.mojo.build-helper-maven-plugin.3.3.0;Этот плагин содержит различные небольшие независимые цели, чтобы помочь с жизненным циклом Maven Build;This plugin contains various small independent goals to assist with Maven build lifecycle;https://jarcasting.com/artifacts/org.codehaus.mojo/build-helper-maven-plugin/
797;jarcasting;10;Maven Bundle Plugin;org.apache.felix.maven-bundle-plugin.5.1.6;Предоставляет плагин Maven, который поддерживает создание пакета OSGI из содержимого компиляционного пути класса, а также его ресурсы и зависимости.Плюс миллион других функций.Плагин использует инструмент BND (http://www.aqute.biz/code/bnd);Provides a maven plugin that supports creating an OSGi bundle from the contents of the compilation classpath along with its resources and dependencies. Plus a zillion other features. The plugin uses the Bnd tool (http://www.aqute.biz/Code/Bnd);https://jarcasting.com/artifacts/org.apache.felix/maven-bundle-plugin/
797;jarcasting;11;Nexus Staging Maven Plugin;org.sonatype.plugins.nexus-staging-maven-plugin.1.6.13;Обеспечивает поддержку для доступа к функциональности постановки на удаленном Professional Server.;Provides support to access staging functionality in a remote Nexus Professional server.;https://jarcasting.com/artifacts/org.sonatype.plugins/nexus-staging-maven-plugin/
797;jarcasting;12;Apache Maven Shade Plugin;org.apache.maven.plugins.maven-shade-plugin.3.3.0;Переупакует классы проекта вместе с их зависимостями в один Uber-Jar, опционально переименование классов или удаление неиспользованных классов.;Repackages the project classes together with their dependencies into a single uber-jar, optionally renaming classes or removing unused classes.;https://jarcasting.com/artifacts/org.apache.maven.plugins/maven-shade-plugin/
797;jarcasting;13;Maven Plugin Plugin;org.apache.maven.plugins.maven-plugin-plugin.3.6.4;Плагин плагин используется для создания дескриптора плагина Maven для любого моджо, найденного в дереве источника, для включения в банку.Он также используется для генерации файлов XDOC для MoJO, а также метаданных артефактов и общей цели справки.;The Plugin Plugin is used to create a Maven plugin descriptor for any Mojo's found in the source tree, to include in the JAR. It is also used to generate Xdoc files for the Mojos as well as the artifact metadata and a generic help goal.;https://jarcasting.com/artifacts/org.apache.maven.plugins/maven-plugin-plugin/
797;jarcasting;14;Exec Maven Plugin;org.codehaus.mojo.exec-maven-plugin.3.0.0;Плагин, позволяющий выполнять программы системы и Java;A plugin to allow execution of system and Java programs;https://jarcasting.com/artifacts/org.codehaus.mojo/exec-maven-plugin/
797;jarcasting;15;Build Number Maven Plugin;org.codehaus.mojo.buildnumber-maven-plugin.3.0.0;Этот плагин предназначен для того, чтобы дать вам номер сборки.Поэтому, когда вы можете сделать 100 сборки версии 1.0-Snapshot, вы можете различить их всех.;This plugin is designed to give you a build number. So when you might make 100 builds of version 1.0-SNAPSHOT, you can differentiate between them all.;https://jarcasting.com/artifacts/org.codehaus.mojo/buildnumber-maven-plugin/
797;jarcasting;16;Maven SCM Plugin;org.apache.maven.plugins.maven-scm-plugin.2.0.0-M1;Плагин Maven, который позволяет получить доступ к различным SCM.;Maven Plugin that allows accessing different SCMs.;https://jarcasting.com/artifacts/org.apache.maven.plugins/maven-scm-plugin/
797;jarcasting;17;Apache Maven Project Info Reports Plugin;org.apache.maven.plugins.maven-project-info-reports-plugin.3.3.0;Плагин Maven Project Info Reports генерирует стандартные отчеты для указанного проекта.;The Maven Project Info Reports Plugin generates standard reports for the specified project.;https://jarcasting.com/artifacts/org.apache.maven.plugins/maven-project-info-reports-plugin/
797;jarcasting;18;Apache Maven PMD Plugin;org.apache.maven.plugins.maven-pmd-plugin.3.17.0;Плагин Maven для инструментария PMD, который дает отчет как о нарушениях правил кода, так и обнаружил фрагменты копирования и вставки, а также способность провалить сборку на основе этих показателей.;A Maven plugin for the PMD toolkit, that produces a report on both code rule violations and detected copy and paste fragments, as well as being able to fail the build based on these metrics.;https://jarcasting.com/artifacts/org.apache.maven.plugins/maven-pmd-plugin/
797;jarcasting;19;FindBugs Maven Plugin;org.codehaus.mojo.findbugs-maven-plugin.3.0.5;Этот плагин генерирует отчеты на основе библиотеки FindBugs;This Plug-In generates reports based on the FindBugs Library;https://jarcasting.com/artifacts/org.codehaus.mojo/findbugs-maven-plugin/
797;jarcasting;20;Mojo's Maven plugin for Cobertura;org.codehaus.mojo.cobertura-maven-plugin.2.7;Это плагин Mojo Maven для Cobertura.Cobertura - это бесплатный инструмент Java, который вычисляет процент кода, доступный для тестов.Он может быть использован для определения того, какие части вашей Java -программы не хватает испытательного охвата.;This is the Mojo's Maven plugin for Cobertura. Cobertura is a free Java tool that calculates the percentage of code accessed by tests. It can be used to identify which parts of your Java program are lacking test coverage.;https://jarcasting.com/artifacts/org.codehaus.mojo/cobertura-maven-plugin/
797;jarcasting;21;Clirr Maven Plugin;org.codehaus.mojo.clirr-maven-plugin.2.8;CLIRR - это инструмент, который проверяет библиотеки Java на наличие бинарной совместимости и источника с более старыми выпусками.В основном вы даете ему два набора файлов JAR, а Clirr выпускает список изменений в общедоступном API.Clirr-Maven-Plugin может быть настроен для разрыва сборки, если он обнаруживает несовместимые изменения API.В процессе непрерывной интеграции Clirr-Maven-Plugin может автоматически предотвратить случайное введение бинарных или источников.Кроме того, плагин может генерировать отчет как часть сгенерированного сайта.;Clirr is a tool that checks Java libraries for binary and source compatibility with older releases. Basically you give it two sets of jar files and Clirr dumps out a list of changes in the public API. The clirr-maven-plugin can be configured to break the build, if it detects incompatible api changes. In a continuous integration process, the clirr-maven-plugin can automatically prevent accidental introduction of binary or source compatibility problems. Additionally, the plugin can generate a report as part of the generated site.;https://jarcasting.com/artifacts/org.codehaus.mojo/clirr-maven-plugin/
797;jarcasting;22;Apache Maven EAR Plugin;org.apache.maven.plugins.maven-ear-plugin.3.2.0;Генерирует файл J2EE Enterprise Archive (EAR).;Generates a J2EE Enterprise Archive (EAR) file.;https://jarcasting.com/artifacts/org.apache.maven.plugins/maven-ear-plugin/
797;jarcasting;23;Apache Maven SCM Publish Plugin;org.apache.maven.plugins.maven-scm-publish-plugin.3.1.0;Плагины Maven;Maven Plugins;https://jarcasting.com/artifacts/org.apache.maven.plugins/maven-scm-publish-plugin/
797;jarcasting;24;spring-boot-maven-plugin;org.springframework.boot.spring-boot-maven-plugin.2.7.1;Плагин Spring Boot Maven;Spring Boot Maven Plugin;https://jarcasting.com/artifacts/org.springframework.boot/spring-boot-maven-plugin/
797;jarcasting;25;XML Maven Plugin;org.codehaus.mojo.xml-maven-plugin.1.0.2;Плагин для различных задач, связанных с XML, таких как проверка, преобразование и тому подобное.;A plugin for various XML related tasks like validation, transformation, and the like.;https://jarcasting.com/artifacts/org.codehaus.mojo/xml-maven-plugin/
797;mavenjar;26;AWS SDK for Java - Code Generator Maven Plugin;com.amazonaws.aws-java-sdk-codegen-maven-plugin.1.12.553;AWS SDK для Java -Generator Generator Maven Module владеет Mojo для создания клиентов AWS Java SDK для AWS Services.;The AWS SDK for Java - Code Generator Maven Plugin module holds a mojo to generate the AWS Java SDK clients for AWS services.;https://mavenjar.com/artifact/com.amazonaws/aws-java-sdk-codegen-maven-plugin
797;mavenjar;27;AWS Java SDK :: Code Generator Maven Plugin;software.amazon.awssdk.codegen-maven-plugin.2.21.25;AWS SDK для Java -Generator Generator Maven Module владеет Mojo для создания клиентов AWS Java SDK для AWS Services.;The AWS SDK for Java - Code Generator Maven Plugin module holds a mojo to generate the AWS Java SDK  clients for AWS services.;https://mavenjar.com/artifact/software.amazon.awssdk/codegen-maven-plugin
797;mavenjar;28;;com.yahoo.vespa.vespaclient-container-plugin.8.262.17;Родительский артефакт для всех проектов Vespa Maven.;Parent artifact for all Vespa maven projects.;https://mavenjar.com/artifact/com.yahoo.vespa/vespaclient-container-plugin
797;mavenjar;29;ontrack-extension-plugin;net.nemerosa.ontrack.ontrack-extension-plugin.4.4.2;Плагин Gradle для создания расширения Ontrack.;Gradle plugin to create an Ontrack extension.;https://mavenjar.com/artifact/net.nemerosa.ontrack/ontrack-extension-plugin
797;mavenjar;30;bundle-plugin;com.yahoo.vespa.bundle-plugin.8.248.14;Плагин Maven для создания пакетов Osgi для контейнера JDISC.;Maven Plugin for creating OSGi bundles for the JDisc Container.;https://mavenjar.com/artifact/com.yahoo.vespa/bundle-plugin
;;;;;;;
798;original;;unsupported;org.geotools.unsupported;модули GeoTools с экспериментальной поддержкой;;
798;openai;;;;Библиотека Java 'org.geotools.unsupported' является частью библиотеки Geotools, которая является библиотекой Java с открытым исходным кодом для обработки геопространственных данных.Пакет 'org.geotools.unsupported, специально содержит классы и методы, которые считаются экспериментальными, устаревшими или неподдерживаемыми.Эти классы и методы могут быть не полностью надежными или рекомендованы для использования производства.Пакет 'org.geotools.unsupported' может включать функции, которые все еще находятся в разработке или не были полностью протестированы.Он может содержать функциональность, которая может измениться или быть удаленной в будущих версиях геотул.Следовательно, рекомендуется использовать этот пакет с осторожностью и только для экспериментальных или некритических вариантов использования.Некоторые примеры классов, которые можно найти в пакете 'org.geotools.unsupported': 1. 'org.geotools.unsupported.indexedpostgisdialect': класс, который обеспечивает экспериментальную поддержку для использования индексированных источников данных постгиса.2. 'org.geotools.unsupported.warpedcoverage': класс, который представляет объект покрытия с деформированной (неретангулярной) геометрией.3. 'org.geotools.unsupported.sinusoidalmapmodel': класс, который реализует проекционную модель карты для синусоидальной проекции.Важно отметить, что классы и методы в пакете «org.geotools.unsupport» не могут быть официально поддержаны или поддерживаются проектом Geotools.Следовательно, рекомендуется ссылаться на документацию Geotools и проконсультироваться с опытными разработчиками, прежде чем использовать какие -либо функциональные возможности из этого пакета.;The Java library 'org.geotools.unsupported' is a part of the GeoTools library, which is an open-source Java library for geospatial data processing. The 'org.geotools.unsupported' package specifically contains classes and methods that are considered experimental, deprecated, or unsupported. These classes and methods may not be fully reliable or recommended for production use.  The 'org.geotools.unsupported' package may include features that are still in development or have not been fully tested. It may contain functionality that is likely to change or be removed in future versions of GeoTools. Therefore, it is advised to use this package with caution and only for experimental or non-critical use cases.  Some examples of classes that can be found in the 'org.geotools.unsupported' package are:  1. 'org.geotools.unsupported.IndexedPostgisDialect': A class that provides experimental support for using indexed PostGIS data sources.  2. 'org.geotools.unsupported.WarpedCoverage': A class that represents a coverage object with a warped (non-rectangular) geometry.  3. 'org.geotools.unsupported.SinusoidalMapModel': A class that implements a map projection model for a sinusoidal projection.  It is important to note that the classes and methods in the 'org.geotools.unsupported' package may not be officially supported or maintained by the GeoTools project. Therefore, it is advisable to refer to the GeoTools documentation and consult with experienced developers before using any functionality from this package.;Describe the java library 'org.geotools.unsupported', specify what it contains
798;jarcasting;1;yass-unsupported;ch.softappeal.yass.yass-unsupported.53.0.0;Еще одно решение для обслуживания;Yet Another Service Solution;https://jarcasting.com/artifacts/ch.softappeal.yass/yass-unsupported/
798;jarcasting;2;Neo4j Graph Data Science :: Storage Engine Adapter Unsupported Versions;org.neo4j.gds.storage-engine-adapter-unsupported.2.1.4;;;https://jarcasting.com/artifacts/org.neo4j.gds/storage-engine-adapter-unsupported/
798;jarcasting;3;objectos :: auto :: unsupported;br.com.objectos.auto-unsupported.0.6.0;objetos java -генераторы кода;objectos Java base code generators;https://jarcasting.com/artifacts/br.com.objectos/auto-unsupported/
798;jarcasting;4;objectos :: way :: auto :: unsupported;br.com.objectos.way-auto-unsupported.1.18.0;Учебный код модуля.;way-core module code generators.;https://jarcasting.com/artifacts/br.com.objectos/way-auto-unsupported/
798;jarcasting;5;Geotools unsupported;io.oss84.geotools.unsupported.24.2-oss84-1;Неподдерживаемые модули для геотул.;Unsupported modules for GeoTools.;https://jarcasting.com/artifacts/io.oss84.geotools/unsupported/
798;mavenjar;6;Neo4j Graph Data Science :: Storage Engine Adapter Unsupported Versions;org.neo4j.gds.storage-engine-adapter-unsupported.2.3.0-alpha02;NEO4J Graph Data Science :: Адаптер двигателя хранения неподдерживаемых версий;Neo4j Graph Data Science :: Storage Engine Adapter Unsupported Versions;https://mavenjar.com/artifact/org.neo4j.gds/storage-engine-adapter-unsupported
798;mavenjar;7;objectos :: auto :: unsupported :: compiler;br.com.objectos.auto-unsupported-compiler.0.6.0;objetos java -генераторы кода;objectos Java base code generators;https://mavenjar.com/artifact/br.com.objectos/auto-unsupported-compiler
798;mavenjar;8;Geotools unsupported;io.oss84.geotools.unsupported.24.2-oss84-1;Неподдерживаемые модули для геотул.;Unsupported modules for GeoTools.;https://mavenjar.com/artifact/io.oss84.geotools/unsupported
;;;;;;;
799;original;;gt-xsd-core;org.geotools.xsd.gt-xsd-core;основные XML схемы GeoTools;;
799;openai;;;;Error 2;Error 2;Describe the java library 'org.geotools.xsd.gt-xsd-core', specify what it contains
;;;;;;;
800;original;;gt-xsd-fes;org.geotools.xsd.gt-xsd-fes;XML схемы Filter Encoding в GeoTools;;
800;openai;;;;Error 2;Error 2;Describe the java library 'org.geotools.xsd.gt-xsd-fes', specify what it contains
;;;;;;;
801;original;;gt-xsd-filter;org.geotools.xsd.gt-xsd-filter;XML схемы фильтров в GeoTools;;
801;openai;;;;Error 2;Error 2;Describe the java library 'org.geotools.xsd.gt-xsd-filter', specify what it contains
;;;;;;;
802;original;;gt-xsd-gml2;org.geotools.xsd.gt-xsd-gml2;XML схемы GML 2 для GeoTools;;
802;openai;;;;Error 2;Error 2;Describe the java library 'org.geotools.xsd.gt-xsd-gml2', specify what it contains
;;;;;;;
803;original;;gt-xsd-gml3;org.geotools.xsd.gt-xsd-gml3;XML схемы GML 3 для GeoTools;;
803;openai;;;;Error 2;Error 2;Describe the java library 'org.geotools.xsd.gt-xsd-gml3', specify what it contains
;;;;;;;
804;original;;gt-xsd-ows;org.geotools.xsd.gt-xsd-ows;XML схемы OWS для GeoTools;;
804;openai;;;;Error 2;Error 2;Describe the java library 'org.geotools.xsd.gt-xsd-ows', specify what it contains
;;;;;;;
805;original;;gt-xsd-sld;org.geotools.xsd.gt-xsd-sld;XML схемы SLD для GeoTools;;
805;openai;;;;Error 2;Error 2;Describe the java library 'org.geotools.xsd.gt-xsd-sld', specify what it contains
;;;;;;;
806;original;;gt-xsd-wcs;org.geotools.xsd.gt-xsd-wcs;XML схемы WCS для GeoTools;;
806;openai;;;;Error 2;Error 2;Describe the java library 'org.geotools.xsd.gt-xsd-wcs', specify what it contains
;;;;;;;
807;original;;gt-xsd-wfs;org.geotools.xsd.gt-xsd-wfs;XML схемы WFS для GeoTools;;
807;openai;;;;Error 2;Error 2;Describe the java library 'org.geotools.xsd.gt-xsd-wfs', specify what it contains
;;;;;;;
808;original;;xsd;org.geotools.xsd.xsd;XML схемы для GeoTools;;
808;openai;;;;Error 2;Error 2;Describe the java library 'org.geotools.xsd.xsd', specify what it contains
808;jarcasting;1;NPanday :: XSD Maven Plugin;org.apache.npanday.plugins.maven-xsd-plugin.1.4.0-incubating;Плагин Maven для .NET: генерирует привязки схемы;Maven Plugin for .NET: Generates schema bindings;https://jarcasting.com/artifacts/org.apache.npanday.plugins/maven-xsd-plugin/
808;jarcasting;2;Apache CXF Common XSD2Java Plugins;org.apache.cxf.cxf-common-xsd.2.2.12;;;https://jarcasting.com/artifacts/org.apache.cxf/cxf-common-xsd/
808;jarcasting;3;Apache Tuscany SCA Assembly Model XSD Files;org.apache.tuscany.sca.tuscany-assembly-xsd.2.0.1;Apache Software Foundation обеспечивает поддержку сообщества Apache сообщества программных проектов с открытым исходным кодом.Проекты Apache характеризуются совместным процессом разработки на основе консенсуса, открытой и прагматической лицензией на программное обеспечение и желанием создать высококачественное программное обеспечение, которое ведет путь в своей области.Мы считаем себя не просто группой проектов, делящихся на сервере, а скорее сообществом разработчиков и пользователей.;The Apache Software Foundation provides support for the Apache community of open-source software projects. The Apache projects are characterized by a collaborative, consensus based development process, an open and pragmatic software license, and a desire to create high quality software that leads the way in its field. We consider ourselves not simply a group of projects sharing a server, but rather a community of developers and users.;https://jarcasting.com/artifacts/org.apache.tuscany.sca/tuscany-assembly-xsd/
808;jarcasting;4;com.sun.msv.datatype.xsd:xsdlib;com.sun.msv.datatype.xsd.xsdlib.20060615;Библиотека данных дата данных XML схемы;XML Schema datatypes library;https://jarcasting.com/artifacts/com.sun.msv.datatype.xsd/xsdlib/
808;jarcasting;5;rapidml-xsd;com.reprezen.genflow.rapidml-xsd.1.4.2;Репрезен Genflow Framework;RepreZen GenFlow Framework;https://jarcasting.com/artifacts/com.reprezen.genflow/rapidml-xsd/
808;jarcasting;6;Blacktie Schemas;org.jboss.narayana.blacktie.blacktie-xsd.5.12.0.Final;Чернокожий компонент;A BlackTie component;https://jarcasting.com/artifacts/org.jboss.narayana.blacktie/blacktie-xsd/
808;jarcasting;7;com.liferay:com.liferay.gradle.plugins.xsd.builder;com.liferay.com.liferay.gradle.plugins.xsd.builder.1.0.11;Плагин Gradle Builder XSD позволяет генерировать привязки Apache XMLBeans из файлов XML схемы (XSD).;The XSD Builder Gradle plugin lets you generate Apache XMLBeans bindings from XML Schema (XSD) files.;https://jarcasting.com/artifacts/com.liferay/com.liferay.gradle.plugins.xsd.builder/
808;jarcasting;8;ModeShape Sequencer for XSD Files;org.fcrepo.modeshape-sequencer-xsd.5.5.1.fcr;Sequencer Modeshape, который обрабатывает схемы XML и извлекает модель схемы в репозиторий;ModeShape Sequencer that processes XML Schema Documents and extracts the schema model to repository;https://jarcasting.com/artifacts/org.fcrepo/modeshape-sequencer-xsd/
808;mavenjar;9;Apache CXF XML Schema Validation with Xerces;org.apache.cxf.cxf-xerces-xsd-validation.2.6.17;Apache CXF XML схема проверка с Xerces;Apache CXF XML Schema Validation with Xerces;https://mavenjar.com/artifact/org.apache.cxf/cxf-xerces-xsd-validation
808;mavenjar;10;Blacktie Schemas;org.jboss.narayana.blacktie.blacktie-xsd.5.12.0.Final;Чернокожий компонент;A BlackTie component;https://mavenjar.com/artifact/org.jboss.narayana.blacktie/blacktie-xsd
808;mavenjar;11;ujo-xsd;org.ujorm.ujo-xsd.2.15;Генератор XSD в соответствии с UJO;XSD generator according the Ujo;https://mavenjar.com/artifact/org.ujorm/ujo-xsd
808;mavenjar;12;SDP Shared - XSD & JAXB;no.digipost.sdp-xsd.3.1.1;Xsder og Genererte jaxb-klasser;XSDer og genererte JAXB-klasser;https://mavenjar.com/artifact/no.digipost/sdp-xsd
808;mavenjar;13;ModeShape Sequencer for XSD Files;org.modeshape.modeshape-sequencer-xsd.5.4.1.Final;Sequencer Modeshape, который обрабатывает схемы XML и извлекает модель схемы в репозиторий;ModeShape Sequencer that processes XML Schema Documents and extracts the schema model to repository;https://mavenjar.com/artifact/org.modeshape/modeshape-sequencer-xsd
808;mavenjar;14;Apache CXF Common XSD2Java Plugins;org.apache.cxf.cxf-common-xsd.2.2.12;;;https://mavenjar.com/artifact/org.apache.cxf/cxf-common-xsd
808;sonatype;15;XML Schema datatypes library;net.java.dev.msv.xsdlib;Библиотека данных дата данных XML схемы;XML Schema datatypes library;https://ossindex.sonatype.org/component/pkg:maven/net.java.dev.msv/xsdlib
808;sonatype;16;;org.eclipse.xsd.xsd;;;https://ossindex.sonatype.org/component/pkg:maven/org.eclipse.xsd/xsd
808;sonatype;17;;msv.xsdlib;;;https://ossindex.sonatype.org/component/pkg:maven/msv/xsdlib
808;sonatype;18;Part of the Java Web Services Developer Pack 1.6;com.sun.xml.xsdlib;Часть Java Web Services Developer Pack 1.6;Part of the Java Web Services Developer Pack 1.6;https://ossindex.sonatype.org/component/pkg:maven/com.sun.xml/xsdlib
808;sonatype;19;The xsddoc subproject is a XML Schema documentation generator  for W3C XML Schemas.;xsddoc.xsddoc;Подпроект XSDDOC представляет собой генератор документации XML схемы для схем W3C XML.;The xsddoc subproject is a XML Schema documentation generator  for W3C XML Schemas.;https://ossindex.sonatype.org/component/pkg:maven/xsddoc/xsddoc
808;sonatype;20;Generate XSD from XML.;org.wiztools.xsd-gen;Генерировать XSD от XML.;Generate XSD from XML.;https://ossindex.sonatype.org/component/pkg:maven/org.wiztools/xsd-gen
808;sonatype;21;;de.qaware.gradle.plugin.xsd2java-gradle-plugin;;;https://ossindex.sonatype.org/component/pkg:maven/de.qaware.gradle.plugin/xsd2java-gradle-plugin
808;sonatype;22;;com.github.xmlet.xsdAsmFaster;;;https://ossindex.sonatype.org/component/pkg:maven/com.github.xmlet/xsdAsmFaster
808;sonatype;23;;org.bitbucket.unaszole.xsdnormaliser.xsdnormaliser-maven-plugin;;;https://ossindex.sonatype.org/component/pkg:maven/org.bitbucket.unaszole.xsdnormaliser/xsdnormaliser-maven-plugin
808;sonatype;24;;activemq.xsdlib;;;https://ossindex.sonatype.org/component/pkg:maven/activemq/xsdlib
808;sonatype;25;Xsd2bean is a dependency free XML to object mapper. Given an xsd, it will generate  java code that represents the model described in the xsd with the ability to  read an xml and create the java objects and vice versa (unmarshall/marshall).;com.goldmansachs.xsd2bean.xsd2beangen;Xsd2bean - это беззависимость XML для объекта Mapper.Учитывая XSD, он будет генерировать код Java, который представляет модель, описанную в XSD, с возможностью читать XML и создавать объекты Java и наоборот (Unmarshall/Marshall).;Xsd2bean is a dependency free XML to object mapper. Given an xsd, it will generate  java code that represents the model described in the xsd with the ability to  read an xml and create the java objects and vice versa (unmarshall/marshall).;https://ossindex.sonatype.org/component/pkg:maven/com.goldmansachs.xsd2bean/xsd2beangen
808;sonatype;26;;org.eclipse.emf.mapping.xsd2ecore;;;https://ossindex.sonatype.org/component/pkg:maven/org.eclipse.emf.mapping/xsd2ecore
808;sonatype;27;;com.github.nkutsche.xsd2svg;;;https://ossindex.sonatype.org/component/pkg:maven/com.github.nkutsche/xsd2svg
808;sonatype;28;;com.xsdacdn.xsda-ona-sdk;;;https://ossindex.sonatype.org/component/pkg:maven/com.xsdacdn/xsda-ona-sdk
808;sonatype;29;Compares XML XSD schemas providing simple and straight differences report;io.github.valters.xsdiff;Сравнивает схемы XML XSD, предоставляющие простые и прямые отчеты о различиях;Compares XML XSD schemas providing simple and straight differences report;https://ossindex.sonatype.org/component/pkg:maven/io.github.valters/xsdiff
808;sonatype;30;Tools to semantically compare XSD XML schemas.;io.github.valters.build.xsdiff-parent;Инструменты для семантически сравнить схемы XSD XML.;Tools to semantically compare XSD XML schemas.;https://ossindex.sonatype.org/component/pkg:maven/io.github.valters.build/xsdiff-parent
;;;;;;;
809;original;;geowebcache;org.geowebcache.geowebcache;основной модуль библиотеки Geowebcache;;
809;openai;;;;Error 2;Error 2;Describe the java library 'org.geowebcache.geowebcache', specify what it contains
;;;;;;;
810;original;;gwc-arcgiscache;org.geowebcache.gwc-arcgiscache;поддержка кэша ArcGIS в Geowebcache;;
810;openai;;;;Error 2;Error 2;Describe the java library 'org.geowebcache.gwc-arcgiscache', specify what it contains
;;;;;;;
811;original;;gwc-aws-s3;org.geowebcache.gwc-aws-s3;интеграция с Amazon S3 в Geowebcache;;
811;openai;;;;Error 2;Error 2;Describe the java library 'org.geowebcache.gwc-aws-s3', specify what it contains
;;;;;;;
812;original;;gwc-core;org.geowebcache.gwc-core;ядро Geowebcache;;
812;openai;;;;Error 2;Error 2;Describe the java library 'org.geowebcache.gwc-core', specify what it contains
;;;;;;;
813;original;;gwc-diskquota;org.geowebcache.gwc-diskquota;модуль квот дискового пространства в Geowebcache;;
813;openai;;;;Error 2;Error 2;Describe the java library 'org.geowebcache.gwc-diskquota', specify what it contains
;;;;;;;
814;original;;gwc-diskquota-bdb;org.geowebcache.gwc-diskquota-bdb;поддержка Berkeley DB для квот диска в Geowebcache;;
814;openai;;;;Error 2;Error 2;Describe the java library 'org.geowebcache.gwc-diskquota-bdb', specify what it contains
;;;;;;;
815;original;;gwc-diskquota-core;org.geowebcache.gwc-diskquota-core;основной модуль для работы с квотами диска в Geowebcache;;
815;openai;;;;Библиотека Java 'org.geowebcache.gwc-diskquota-core' является компонентом проекта Geowebcache.Он содержит классы и функции, связанные с управлением квотой дисков в Geowebcache.В частности, эта библиотека предоставляет реализации и утилиты для управления и обеспечения соблюдения дисковых квот для кэшированной карты плитки в Geowebcache.Он включает в себя классы для отслеживания использования дисков кешами плитки, обеспечения пределов размера, мониторинг доступности дискового пространства и управления стратегиями выселения плитки для обеспечения того, чтобы кэш оставался в пределах выделенной дисковой квоты.Используя 'org.geowebcache.gwc-diskquota-core', разработчики могут интегрировать возможности управления дисками в свои развертывания Geowebcache.Эта библиотека обеспечивает гибкость с точки зрения определения и управления пределами дискового пространства, используемого кэшированными плитками, помогая оптимизировать общую эффективность производительности и хранения инфраструктуры кэширования плиток карты.;The Java library 'org.geowebcache.gwc-diskquota-core' is a component of the GeoWebCache project. It contains classes and functionalities related to disk quota management in GeoWebCache.  Specifically, this library provides implementations and utilities for managing and enforcing disk quotas for cached map tiles within GeoWebCache. It includes classes for tracking the disk usage of tile caches, enforcing size limits, monitoring disk space availability, and managing tile eviction strategies to ensure that the cache remains within the allocated disk quota.  By using 'org.geowebcache.gwc-diskquota-core', developers can integrate disk quota management capabilities into their GeoWebCache deployments. This library offers flexibility in terms of defining and managing the limits on the disk space used by cached tiles, helping optimize the overall performance and storage efficiency of the map tile caching infrastructure.;Describe the java library 'org.geowebcache.gwc-diskquota-core', specify what it contains
;;;;;;;
816;original;;gwc-diskquota-jdbc;org.geowebcache.gwc-diskquota-jdbc;JDBC поддержка для квот диска в Geowebcache;;
816;openai;;;;Error 2;Error 2;Describe the java library 'org.geowebcache.gwc-diskquota-jdbc', specify what it contains
;;;;;;;
817;original;;gwc-distributed;org.geowebcache.gwc-distributed;распределенный режим кэширования в Geowebcache;;
817;openai;;;;Error 2;Error 2;Describe the java library 'org.geowebcache.gwc-distributed', specify what it contains
;;;;;;;
818;original;;gwc-georss;org.geowebcache.gwc-georss;поддержка GeoRSS в Geowebcache;;
818;openai;;;;Error 2;Error 2;Describe the java library 'org.geowebcache.gwc-georss', specify what it contains
;;;;;;;
819;original;;gwc-gmaps;org.geowebcache.gwc-gmaps;поддержка карт Google в Geowebcache;;
819;openai;;;;Error 2;Error 2;Describe the java library 'org.geowebcache.gwc-gmaps', specify what it contains
;;;;;;;
820;original;;gwc-kml;org.geowebcache.gwc-kml;поддержка KML в Geowebcache;;
820;openai;;;;Error 2;Error 2;Describe the java library 'org.geowebcache.gwc-kml', specify what it contains
;;;;;;;
821;original;;gwc-rest;org.geowebcache.gwc-rest;REST API для Geowebcache;;
821;openai;;;;Error 2;Error 2;Describe the java library 'org.geowebcache.gwc-rest', specify what it contains
;;;;;;;
822;original;;gwc-tms;org.geowebcache.gwc-tms;поддержка TMS в Geowebcache;;
822;openai;;;;Error 2;Error 2;Describe the java library 'org.geowebcache.gwc-tms', specify what it contains
;;;;;;;
823;original;;gwc-ve;org.geowebcache.gwc-ve;визуальный редактор кэша в Geowebcache;;
823;openai;;;;Error 2;Error 2;Describe the java library 'org.geowebcache.gwc-ve', specify what it contains
;;;;;;;
824;original;;gwc-wms;org.geowebcache.gwc-wms;WMS клиент в Geowebcache;;
824;openai;;;;Error 2;Error 2;Describe the java library 'org.geowebcache.gwc-wms', specify what it contains
;;;;;;;
825;original;;gwc-wmts;org.geowebcache.gwc-wmts;поддержка WMTS в Geowebcache;;
825;openai;;;;Error 2;Error 2;Describe the java library 'org.geowebcache.gwc-wmts', specify what it contains
